0,1,2,3,4,5,6,7,8,9,10,11,12,13,14,15,16,17,18,19,20,21,22,23,24,25,26,27,28,29,30,31,32,33,34,35,36,37,38,39,40,41,42,43,44,45,46,47,48,49,50,51,52,53,54,inf,inf,inf,inf,inf,inf,inf,inf,inf,inf,inf,inf,inf,inf,inf,inf,inf,inf,inf,inf,inf,inf,inf,inf,inf,inf,inf,inf,inf,inf,inf,inf,inf,inf,inf,inf,inf,inf,inf,inf,inf,inf,inf,inf,inf
1,0,3,2,5,4,7,6,9,8,11,10,13,12,15,14,17,16,19,18,21,20,23,22,25,24,27,26,29,28,31,30,33,32,35,34,37,36,39,38,41,40,43,42,45,44,47,46,49,48,51,50,53,52,inf,54,inf,inf,inf,inf,inf,inf,inf,inf,inf,inf,inf,inf,inf,inf,inf,inf,inf,inf,inf,inf,inf,inf,inf,inf,inf,inf,inf,inf,inf,inf,inf,inf,inf,inf,inf,inf,inf,inf,inf,inf,inf,inf,inf,inf
2,3,0,1,6,7,4,5,10,11,8,9,14,15,12,13,18,19,16,17,22,23,20,21,26,27,24,25,30,31,28,29,34,35,32,33,38,39,36,37,42,43,40,41,46,47,44,45,50,51,48,49,54,inf,52,53,inf,inf,inf,inf,inf,inf,inf,inf,inf,inf,inf,inf,inf,inf,inf,inf,inf,inf,inf,inf,inf,inf,inf,inf,inf,inf,inf,inf,inf,inf,inf,inf,inf,inf,inf,inf,inf,inf,inf,inf,inf,inf,inf,inf
3,2,1,0,7,6,5,4,11,10,9,8,15,14,13,12,19,18,17,16,23,22,21,20,27,26,25,24,31,30,29,28,35,34,33,32,39,38,37,36,43,42,41,40,47,46,45,44,51,50,49,48,inf,54,53,52,inf,inf,inf,inf,inf,inf,inf,inf,inf,inf,inf,inf,inf,inf,inf,inf,inf,inf,inf,inf,inf,inf,inf,inf,inf,inf,inf,inf,inf,inf,inf,inf,inf,inf,inf,inf,inf,inf,inf,inf,inf,inf,inf,inf
4,5,6,7,0,1,2,3,12,13,14,15,8,9,10,11,20,21,22,23,16,17,18,19,28,29,30,31,24,25,26,27,36,37,38,39,32,33,34,35,44,45,46,47,40,41,42,43,52,53,54,inf,48,49,50,51,inf,inf,inf,inf,inf,inf,inf,inf,inf,inf,inf,inf,inf,inf,inf,inf,inf,inf,inf,inf,inf,inf,inf,inf,inf,inf,inf,inf,inf,inf,inf,inf,inf,inf,inf,inf,inf,inf,inf,inf,inf,inf,inf,inf
5,4,7,6,1,0,3,2,13,12,15,14,9,8,11,10,21,20,23,22,17,16,19,18,29,28,31,30,25,24,27,26,37,36,39,38,33,32,35,34,45,44,47,46,41,40,43,42,53,52,inf,54,49,48,51,50,inf,inf,inf,inf,inf,inf,inf,inf,inf,inf,inf,inf,inf,inf,inf,inf,inf,inf,inf,inf,inf,inf,inf,inf,inf,inf,inf,inf,inf,inf,inf,inf,inf,inf,inf,inf,inf,inf,inf,inf,inf,inf,inf,inf
6,7,4,5,2,3,0,1,14,15,12,13,10,11,8,9,22,23,20,21,18,19,16,17,30,31,28,29,26,27,24,25,38,39,36,37,34,35,32,33,46,47,44,45,42,43,40,41,54,inf,52,53,50,51,48,49,inf,inf,inf,inf,inf,inf,inf,inf,inf,inf,inf,inf,inf,inf,inf,inf,inf,inf,inf,inf,inf,inf,inf,inf,inf,inf,inf,inf,inf,inf,inf,inf,inf,inf,inf,inf,inf,inf,inf,inf,inf,inf,inf,inf
7,6,5,4,3,2,1,0,15,14,13,12,11,10,9,8,23,22,21,20,19,18,17,16,31,30,29,28,27,26,25,24,39,38,37,36,35,34,33,32,47,46,45,44,43,42,41,40,inf,54,53,52,51,50,49,48,inf,inf,inf,inf,inf,inf,inf,inf,inf,inf,inf,inf,inf,inf,inf,inf,inf,inf,inf,inf,inf,inf,inf,inf,inf,inf,inf,inf,inf,inf,inf,inf,inf,inf,inf,inf,inf,inf,inf,inf,inf,inf,inf,inf
8,9,10,11,12,13,14,15,0,1,2,3,4,5,6,7,24,25,26,27,28,29,30,31,16,17,18,19,20,21,22,23,40,41,42,43,44,45,46,47,32,33,34,35,36,37,38,39,inf,inf,inf,inf,inf,inf,inf,inf,48,49,50,51,52,53,54,inf,inf,inf,inf,inf,inf,inf,inf,inf,inf,inf,inf,inf,inf,inf,inf,inf,inf,inf,inf,inf,inf,inf,inf,inf,inf,inf,inf,inf,inf,inf,inf,inf,inf,inf,inf,inf
9,8,11,10,13,12,15,14,1,0,3,2,5,4,7,6,25,24,27,26,29,28,31,30,17,16,19,18,21,20,23,22,41,40,43,42,45,44,47,46,33,32,35,34,37,36,39,38,inf,inf,inf,inf,inf,inf,inf,inf,49,48,51,50,53,52,inf,54,inf,inf,inf,inf,inf,inf,inf,inf,inf,inf,inf,inf,inf,inf,inf,inf,inf,inf,inf,inf,inf,inf,inf,inf,inf,inf,inf,inf,inf,inf,inf,inf,inf,inf,inf,inf
10,11,8,9,14,15,12,13,2,3,0,1,6,7,4,5,26,27,24,25,30,31,28,29,18,19,16,17,22,23,20,21,42,43,40,41,46,47,44,45,34,35,32,33,38,39,36,37,inf,inf,inf,inf,inf,inf,inf,inf,50,51,48,49,54,inf,52,53,inf,inf,inf,inf,inf,inf,inf,inf,inf,inf,inf,inf,inf,inf,inf,inf,inf,inf,inf,inf,inf,inf,inf,inf,inf,inf,inf,inf,inf,inf,inf,inf,inf,inf,inf,inf
11,10,9,8,15,14,13,12,3,2,1,0,7,6,5,4,27,26,25,24,31,30,29,28,19,18,17,16,23,22,21,20,43,42,41,40,47,46,45,44,35,34,33,32,39,38,37,36,inf,inf,inf,inf,inf,inf,inf,inf,51,50,49,48,inf,54,53,52,inf,inf,inf,inf,inf,inf,inf,inf,inf,inf,inf,inf,inf,inf,inf,inf,inf,inf,inf,inf,inf,inf,inf,inf,inf,inf,inf,inf,inf,inf,inf,inf,inf,inf,inf,inf
12,13,14,15,8,9,10,11,4,5,6,7,0,1,2,3,28,29,30,31,24,25,26,27,20,21,22,23,16,17,18,19,44,45,46,47,40,41,42,43,36,37,38,39,32,33,34,35,inf,inf,inf,inf,inf,inf,inf,inf,52,53,54,inf,48,49,50,51,inf,inf,inf,inf,inf,inf,inf,inf,inf,inf,inf,inf,inf,inf,inf,inf,inf,inf,inf,inf,inf,inf,inf,inf,inf,inf,inf,inf,inf,inf,inf,inf,inf,inf,inf,inf
13,12,15,14,9,8,11,10,5,4,7,6,1,0,3,2,29,28,31,30,25,24,27,26,21,20,23,22,17,16,19,18,45,44,47,46,41,40,43,42,37,36,39,38,33,32,35,34,inf,inf,inf,inf,inf,inf,inf,inf,53,52,inf,54,49,48,51,50,inf,inf,inf,inf,inf,inf,inf,inf,inf,inf,inf,inf,inf,inf,inf,inf,inf,inf,inf,inf,inf,inf,inf,inf,inf,inf,inf,inf,inf,inf,inf,inf,inf,inf,inf,inf
14,15,12,13,10,11,8,9,6,7,4,5,2,3,0,1,30,31,28,29,26,27,24,25,22,23,20,21,18,19,16,17,46,47,44,45,42,43,40,41,38,39,36,37,34,35,32,33,inf,inf,inf,inf,inf,inf,inf,inf,54,inf,52,53,50,51,48,49,inf,inf,inf,inf,inf,inf,inf,inf,inf,inf,inf,inf,inf,inf,inf,inf,inf,inf,inf,inf,inf,inf,inf,inf,inf,inf,inf,inf,inf,inf,inf,inf,inf,inf,inf,inf
15,14,13,12,11,10,9,8,7,6,5,4,3,2,1,0,31,30,29,28,27,26,25,24,23,22,21,20,19,18,17,16,47,46,45,44,43,42,41,40,39,38,37,36,35,34,33,32,inf,inf,inf,inf,inf,inf,inf,inf,inf,54,53,52,51,50,49,48,inf,inf,inf,inf,inf,inf,inf,inf,inf,inf,inf,inf,inf,inf,inf,inf,inf,inf,inf,inf,inf,inf,inf,inf,inf,inf,inf,inf,inf,inf,inf,inf,inf,inf,inf,inf
16,17,18,19,20,21,22,23,24,25,26,27,28,29,30,31,0,1,2,3,4,5,6,7,8,9,10,11,12,13,14,15,48,49,50,51,52,53,54,inf,inf,inf,inf,inf,inf,inf,inf,inf,32,33,34,35,36,37,38,39,40,41,42,43,44,45,46,47,inf,inf,inf,inf,inf,inf,inf,inf,inf,inf,inf,inf,inf,inf,inf,inf,inf,inf,inf,inf,inf,inf,inf,inf,inf,inf,inf,inf,inf,inf,inf,inf,inf,inf,inf,inf
17,16,19,18,21,20,23,22,25,24,27,26,29,28,31,30,1,0,3,2,5,4,7,6,9,8,11,10,13,12,15,14,49,48,51,50,53,52,inf,54,inf,inf,inf,inf,inf,inf,inf,inf,33,32,35,34,37,36,39,38,41,40,43,42,45,44,47,46,inf,inf,inf,inf,inf,inf,inf,inf,inf,inf,inf,inf,inf,inf,inf,inf,inf,inf,inf,inf,inf,inf,inf,inf,inf,inf,inf,inf,inf,inf,inf,inf,inf,inf,inf,inf
18,19,16,17,22,23,20,21,26,27,24,25,30,31,28,29,2,3,0,1,6,7,4,5,10,11,8,9,14,15,12,13,50,51,48,49,54,inf,52,53,inf,inf,inf,inf,inf,inf,inf,inf,34,35,32,33,38,39,36,37,42,43,40,41,46,47,44,45,inf,inf,inf,inf,inf,inf,inf,inf,inf,inf,inf,inf,inf,inf,inf,inf,inf,inf,inf,inf,inf,inf,inf,inf,inf,inf,inf,inf,inf,inf,inf,inf,inf,inf,inf,inf
19,18,17,16,23,22,21,20,27,26,25,24,31,30,29,28,3,2,1,0,7,6,5,4,11,10,9,8,15,14,13,12,51,50,49,48,inf,54,53,52,inf,inf,inf,inf,inf,inf,inf,inf,35,34,33,32,39,38,37,36,43,42,41,40,47,46,45,44,inf,inf,inf,inf,inf,inf,inf,inf,inf,inf,inf,inf,inf,inf,inf,inf,inf,inf,inf,inf,inf,inf,inf,inf,inf,inf,inf,inf,inf,inf,inf,inf,inf,inf,inf,inf
20,21,22,23,16,17,18,19,28,29,30,31,24,25,26,27,4,5,6,7,0,1,2,3,12,13,14,15,8,9,10,11,52,53,54,inf,48,49,50,51,inf,inf,inf,inf,inf,inf,inf,inf,36,37,38,39,32,33,34,35,44,45,46,47,40,41,42,43,inf,inf,inf,inf,inf,inf,inf,inf,inf,inf,inf,inf,inf,inf,inf,inf,inf,inf,inf,inf,inf,inf,inf,inf,inf,inf,inf,inf,inf,inf,inf,inf,inf,inf,inf,inf
21,20,23,22,17,16,19,18,29,28,31,30,25,24,27,26,5,4,7,6,1,0,3,2,13,12,15,14,9,8,11,10,53,52,inf,54,49,48,51,50,inf,inf,inf,inf,inf,inf,inf,inf,37,36,39,38,33,32,35,34,45,44,47,46,41,40,43,42,inf,inf,inf,inf,inf,inf,inf,inf,inf,inf,inf,inf,inf,inf,inf,inf,inf,inf,inf,inf,inf,inf,inf,inf,inf,inf,inf,inf,inf,inf,inf,inf,inf,inf,inf,inf
22,23,20,21,18,19,16,17,30,31,28,29,26,27,24,25,6,7,4,5,2,3,0,1,14,15,12,13,10,11,8,9,54,inf,52,53,50,51,48,49,inf,inf,inf,inf,inf,inf,inf,inf,38,39,36,37,34,35,32,33,46,47,44,45,42,43,40,41,inf,inf,inf,inf,inf,inf,inf,inf,inf,inf,inf,inf,inf,inf,inf,inf,inf,inf,inf,inf,inf,inf,inf,inf,inf,inf,inf,inf,inf,inf,inf,inf,inf,inf,inf,inf
23,22,21,20,19,18,17,16,31,30,29,28,27,26,25,24,7,6,5,4,3,2,1,0,15,14,13,12,11,10,9,8,inf,54,53,52,51,50,49,48,inf,inf,inf,inf,inf,inf,inf,inf,39,38,37,36,35,34,33,32,47,46,45,44,43,42,41,40,inf,inf,inf,inf,inf,inf,inf,inf,inf,inf,inf,inf,inf,inf,inf,inf,inf,inf,inf,inf,inf,inf,inf,inf,inf,inf,inf,inf,inf,inf,inf,inf,inf,inf,inf,inf
24,25,26,27,28,29,30,31,16,17,18,19,20,21,22,23,8,9,10,11,12,13,14,15,0,1,2,3,4,5,6,7,inf,inf,inf,inf,inf,inf,inf,inf,48,49,50,51,52,53,54,inf,40,41,42,43,44,45,46,47,32,33,34,35,36,37,38,39,inf,inf,inf,inf,inf,inf,inf,inf,inf,inf,inf,inf,inf,inf,inf,inf,inf,inf,inf,inf,inf,inf,inf,inf,inf,inf,inf,inf,inf,inf,inf,inf,inf,inf,inf,inf
25,24,27,26,29,28,31,30,17,16,19,18,21,20,23,22,9,8,11,10,13,12,15,14,1,0,3,2,5,4,7,6,inf,inf,inf,inf,inf,inf,inf,inf,49,48,51,50,53,52,inf,54,41,40,43,42,45,44,47,46,33,32,35,34,37,36,39,38,inf,inf,inf,inf,inf,inf,inf,inf,inf,inf,inf,inf,inf,inf,inf,inf,inf,inf,inf,inf,inf,inf,inf,inf,inf,inf,inf,inf,inf,inf,inf,inf,inf,inf,inf,inf
26,27,24,25,30,31,28,29,18,19,16,17,22,23,20,21,10,11,8,9,14,15,12,13,2,3,0,1,6,7,4,5,inf,inf,inf,inf,inf,inf,inf,inf,50,51,48,49,54,inf,52,53,42,43,40,41,46,47,44,45,34,35,32,33,38,39,36,37,inf,inf,inf,inf,inf,inf,inf,inf,inf,inf,inf,inf,inf,inf,inf,inf,inf,inf,inf,inf,inf,inf,inf,inf,inf,inf,inf,inf,inf,inf,inf,inf,inf,inf,inf,inf
27,26,25,24,31,30,29,28,19,18,17,16,23,22,21,20,11,10,9,8,15,14,13,12,3,2,1,0,7,6,5,4,inf,inf,inf,inf,inf,inf,inf,inf,51,50,49,48,inf,54,53,52,43,42,41,40,47,46,45,44,35,34,33,32,39,38,37,36,inf,inf,inf,inf,inf,inf,inf,inf,inf,inf,inf,inf,inf,inf,inf,inf,inf,inf,inf,inf,inf,inf,inf,inf,inf,inf,inf,inf,inf,inf,inf,inf,inf,inf,inf,inf
28,29,30,31,24,25,26,27,20,21,22,23,16,17,18,19,12,13,14,15,8,9,10,11,4,5,6,7,0,1,2,3,inf,inf,inf,inf,inf,inf,inf,inf,52,53,54,inf,48,49,50,51,44,45,46,47,40,41,42,43,36,37,38,39,32,33,34,35,inf,inf,inf,inf,inf,inf,inf,inf,inf,inf,inf,inf,inf,inf,inf,inf,inf,inf,inf,inf,inf,inf,inf,inf,inf,inf,inf,inf,inf,inf,inf,inf,inf,inf,inf,inf
29,28,31,30,25,24,27,26,21,20,23,22,17,16,19,18,13,12,15,14,9,8,11,10,5,4,7,6,1,0,3,2,inf,inf,inf,inf,inf,inf,inf,inf,53,52,inf,54,49,48,51,50,45,44,47,46,41,40,43,42,37,36,39,38,33,32,35,34,inf,inf,inf,inf,inf,inf,inf,inf,inf,inf,inf,inf,inf,inf,inf,inf,inf,inf,inf,inf,inf,inf,inf,inf,inf,inf,inf,inf,inf,inf,inf,inf,inf,inf,inf,inf
30,31,28,29,26,27,24,25,22,23,20,21,18,19,16,17,14,15,12,13,10,11,8,9,6,7,4,5,2,3,0,1,inf,inf,inf,inf,inf,inf,inf,inf,54,inf,52,53,50,51,48,49,46,47,44,45,42,43,40,41,38,39,36,37,34,35,32,33,inf,inf,inf,inf,inf,inf,inf,inf,inf,inf,inf,inf,inf,inf,inf,inf,inf,inf,inf,inf,inf,inf,inf,inf,inf,inf,inf,inf,inf,inf,inf,inf,inf,inf,inf,inf
31,30,29,28,27,26,25,24,23,22,21,20,19,18,17,16,15,14,13,12,11,10,9,8,7,6,5,4,3,2,1,0,inf,inf,inf,inf,inf,inf,inf,inf,inf,54,53,52,51,50,49,48,47,46,45,44,43,42,41,40,39,38,37,36,35,34,33,32,inf,inf,inf,inf,inf,inf,inf,inf,inf,inf,inf,inf,inf,inf,inf,inf,inf,inf,inf,inf,inf,inf,inf,inf,inf,inf,inf,inf,inf,inf,inf,inf,inf,inf,inf,inf
32,33,34,35,36,37,38,39,40,41,42,43,44,45,46,47,48,49,50,51,52,53,54,inf,inf,inf,inf,inf,inf,inf,inf,inf,0,1,2,3,4,5,6,7,8,9,10,11,12,13,14,15,16,17,18,19,20,21,22,23,24,25,26,27,28,29,30,31,inf,inf,inf,inf,inf,inf,inf,inf,inf,inf,inf,inf,inf,inf,inf,inf,inf,inf,inf,inf,inf,inf,inf,inf,inf,inf,inf,inf,inf,inf,inf,inf,inf,inf,inf,inf
33,32,35,34,37,36,39,38,41,40,43,42,45,44,47,46,49,48,51,50,53,52,inf,54,inf,inf,inf,inf,inf,inf,inf,inf,1,0,3,2,5,4,7,6,9,8,11,10,13,12,15,14,17,16,19,18,21,20,23,22,25,24,27,26,29,28,31,30,inf,inf,inf,inf,inf,inf,inf,inf,inf,inf,inf,inf,inf,inf,inf,inf,inf,inf,inf,inf,inf,inf,inf,inf,inf,inf,inf,inf,inf,inf,inf,inf,inf,inf,inf,inf
34,35,32,33,38,39,36,37,42,43,40,41,46,47,44,45,50,51,48,49,54,inf,52,53,inf,inf,inf,inf,inf,inf,inf,inf,2,3,0,1,6,7,4,5,10,11,8,9,14,15,12,13,18,19,16,17,22,23,20,21,26,27,24,25,30,31,28,29,inf,inf,inf,inf,inf,inf,inf,inf,inf,inf,inf,inf,inf,inf,inf,inf,inf,inf,inf,inf,inf,inf,inf,inf,inf,inf,inf,inf,inf,inf,inf,inf,inf,inf,inf,inf
35,34,33,32,39,38,37,36,43,42,41,40,47,46,45,44,51,50,49,48,inf,54,53,52,inf,inf,inf,inf,inf,inf,inf,inf,3,2,1,0,7,6,5,4,11,10,9,8,15,14,13,12,19,18,17,16,23,22,21,20,27,26,25,24,31,30,29,28,inf,inf,inf,inf,inf,inf,inf,inf,inf,inf,inf,inf,inf,inf,inf,inf,inf,inf,inf,inf,inf,inf,inf,inf,inf,inf,inf,inf,inf,inf,inf,inf,inf,inf,inf,inf
36,37,38,39,32,33,34,35,44,45,46,47,40,41,42,43,52,53,54,inf,48,49,50,51,inf,inf,inf,inf,inf,inf,inf,inf,4,5,6,7,0,1,2,3,12,13,14,15,8,9,10,11,20,21,22,23,16,17,18,19,28,29,30,31,24,25,26,27,inf,inf,inf,inf,inf,inf,inf,inf,inf,inf,inf,inf,inf,inf,inf,inf,inf,inf,inf,inf,inf,inf,inf,inf,inf,inf,inf,inf,inf,inf,inf,inf,inf,inf,inf,inf
37,36,39,38,33,32,35,34,45,44,47,46,41,40,43,42,53,52,inf,54,49,48,51,50,inf,inf,inf,inf,inf,inf,inf,inf,5,4,7,6,1,0,3,2,13,12,15,14,9,8,11,10,21,20,23,22,17,16,19,18,29,28,31,30,25,24,27,26,inf,inf,inf,inf,inf,inf,inf,inf,inf,inf,inf,inf,inf,inf,inf,inf,inf,inf,inf,inf,inf,inf,inf,inf,inf,inf,inf,inf,inf,inf,inf,inf,inf,inf,inf,inf
38,39,36,37,34,35,32,33,46,47,44,45,42,43,40,41,54,inf,52,53,50,51,48,49,inf,inf,inf,inf,inf,inf,inf,inf,6,7,4,5,2,3,0,1,14,15,12,13,10,11,8,9,22,23,20,21,18,19,16,17,30,31,28,29,26,27,24,25,inf,inf,inf,inf,inf,inf,inf,inf,inf,inf,inf,inf,inf,inf,inf,inf,inf,inf,inf,inf,inf,inf,inf,inf,inf,inf,inf,inf,inf,inf,inf,inf,inf,inf,inf,inf
39,38,37,36,35,34,33,32,47,46,45,44,43,42,41,40,inf,54,53,52,51,50,49,48,inf,inf,inf,inf,inf,inf,inf,inf,7,6,5,4,3,2,1,0,15,14,13,12,11,10,9,8,23,22,21,20,19,18,17,16,31,30,29,28,27,26,25,24,inf,inf,inf,inf,inf,inf,inf,inf,inf,inf,inf,inf,inf,inf,inf,inf,inf,inf,inf,inf,inf,inf,inf,inf,inf,inf,inf,inf,inf,inf,inf,inf,inf,inf,inf,inf
40,41,42,43,44,45,46,47,32,33,34,35,36,37,38,39,inf,inf,inf,inf,inf,inf,inf,inf,48,49,50,51,52,53,54,inf,8,9,10,11,12,13,14,15,0,1,2,3,4,5,6,7,24,25,26,27,28,29,30,31,16,17,18,19,20,21,22,23,inf,inf,inf,inf,inf,inf,inf,inf,inf,inf,inf,inf,inf,inf,inf,inf,inf,inf,inf,inf,inf,inf,inf,inf,inf,inf,inf,inf,inf,inf,inf,inf,inf,inf,inf,inf
41,40,43,42,45,44,47,46,33,32,35,34,37,36,39,38,inf,inf,inf,inf,inf,inf,inf,inf,49,48,51,50,53,52,inf,54,9,8,11,10,13,12,15,14,1,0,3,2,5,4,7,6,25,24,27,26,29,28,31,30,17,16,19,18,21,20,23,22,inf,inf,inf,inf,inf,inf,inf,inf,inf,inf,inf,inf,inf,inf,inf,inf,inf,inf,inf,inf,inf,inf,inf,inf,inf,inf,inf,inf,inf,inf,inf,inf,inf,inf,inf,inf
42,43,40,41,46,47,44,45,34,35,32,33,38,39,36,37,inf,inf,inf,inf,inf,inf,inf,inf,50,51,48,49,54,inf,52,53,10,11,8,9,14,15,12,13,2,3,0,1,6,7,4,5,26,27,24,25,30,31,28,29,18,19,16,17,22,23,20,21,inf,inf,inf,inf,inf,inf,inf,inf,inf,inf,inf,inf,inf,inf,inf,inf,inf,inf,inf,inf,inf,inf,inf,inf,inf,inf,inf,inf,inf,inf,inf,inf,inf,inf,inf,inf
43,42,41,40,47,46,45,44,35,34,33,32,39,38,37,36,inf,inf,inf,inf,inf,inf,inf,inf,51,50,49,48,inf,54,53,52,11,10,9,8,15,14,13,12,3,2,1,0,7,6,5,4,27,26,25,24,31,30,29,28,19,18,17,16,23,22,21,20,inf,inf,inf,inf,inf,inf,inf,inf,inf,inf,inf,inf,inf,inf,inf,inf,inf,inf,inf,inf,inf,inf,inf,inf,inf,inf,inf,inf,inf,inf,inf,inf,inf,inf,inf,inf
44,45,46,47,40,41,42,43,36,37,38,39,32,33,34,35,inf,inf,inf,inf,inf,inf,inf,inf,52,53,54,inf,48,49,50,51,12,13,14,15,8,9,10,11,4,5,6,7,0,1,2,3,28,29,30,31,24,25,26,27,20,21,22,23,16,17,18,19,inf,inf,inf,inf,inf,inf,inf,inf,inf,inf,inf,inf,inf,inf,inf,inf,inf,inf,inf,inf,inf,inf,inf,inf,inf,inf,inf,inf,inf,inf,inf,inf,inf,inf,inf,inf
45,44,47,46,41,40,43,42,37,36,39,38,33,32,35,34,inf,inf,inf,inf,inf,inf,inf,inf,53,52,inf,54,49,48,51,50,13,12,15,14,9,8,11,10,5,4,7,6,1,0,3,2,29,28,31,30,25,24,27,26,21,20,23,22,17,16,19,18,inf,inf,inf,inf,inf,inf,inf,inf,inf,inf,inf,inf,inf,inf,inf,inf,inf,inf,inf,inf,inf,inf,inf,inf,inf,inf,inf,inf,inf,inf,inf,inf,inf,inf,inf,inf
46,47,44,45,42,43,40,41,38,39,36,37,34,35,32,33,inf,inf,inf,inf,inf,inf,inf,inf,54,inf,52,53,50,51,48,49,14,15,12,13,10,11,8,9,6,7,4,5,2,3,0,1,30,31,28,29,26,27,24,25,22,23,20,21,18,19,16,17,inf,inf,inf,inf,inf,inf,inf,inf,inf,inf,inf,inf,inf,inf,inf,inf,inf,inf,inf,inf,inf,inf,inf,inf,inf,inf,inf,inf,inf,inf,inf,inf,inf,inf,inf,inf
47,46,45,44,43,42,41,40,39,38,37,36,35,34,33,32,inf,inf,inf,inf,inf,inf,inf,inf,inf,54,53,52,51,50,49,48,15,14,13,12,11,10,9,8,7,6,5,4,3,2,1,0,31,30,29,28,27,26,25,24,23,22,21,20,19,18,17,16,inf,inf,inf,inf,inf,inf,inf,inf,inf,inf,inf,inf,inf,inf,inf,inf,inf,inf,inf,inf,inf,inf,inf,inf,inf,inf,inf,inf,inf,inf,inf,inf,inf,inf,inf,inf
48,49,50,51,52,53,54,inf,inf,inf,inf,inf,inf,inf,inf,inf,32,33,34,35,36,37,38,39,40,41,42,43,44,45,46,47,16,17,18,19,20,21,22,23,24,25,26,27,28,29,30,31,0,1,2,3,4,5,6,7,8,9,10,11,12,13,14,15,inf,inf,inf,inf,inf,inf,inf,inf,inf,inf,inf,inf,inf,inf,inf,inf,inf,inf,inf,inf,inf,inf,inf,inf,inf,inf,inf,inf,inf,inf,inf,inf,inf,inf,inf,inf
49,48,51,50,53,52,inf,54,inf,inf,inf,inf,inf,inf,inf,inf,33,32,35,34,37,36,39,38,41,40,43,42,45,44,47,46,17,16,19,18,21,20,23,22,25,24,27,26,29,28,31,30,1,0,3,2,5,4,7,6,9,8,11,10,13,12,15,14,inf,inf,inf,inf,inf,inf,inf,inf,inf,inf,inf,inf,inf,inf,inf,inf,inf,inf,inf,inf,inf,inf,inf,inf,inf,inf,inf,inf,inf,inf,inf,inf,inf,inf,inf,inf
50,51,48,49,54,inf,52,53,inf,inf,inf,inf,inf,inf,inf,inf,34,35,32,33,38,39,36,37,42,43,40,41,46,47,44,45,18,19,16,17,22,23,20,21,26,27,24,25,30,31,28,29,2,3,0,1,6,7,4,5,10,11,8,9,14,15,12,13,inf,inf,inf,inf,inf,inf,inf,inf,inf,inf,inf,inf,inf,inf,inf,inf,inf,inf,inf,inf,inf,inf,inf,inf,inf,inf,inf,inf,inf,inf,inf,inf,inf,inf,inf,inf
51,50,49,48,inf,54,53,52,inf,inf,inf,inf,inf,inf,inf,inf,35,34,33,32,39,38,37,36,43,42,41,40,47,46,45,44,19,18,17,16,23,22,21,20,27,26,25,24,31,30,29,28,3,2,1,0,7,6,5,4,11,10,9,8,15,14,13,12,inf,inf,inf,inf,inf,inf,inf,inf,inf,inf,inf,inf,inf,inf,inf,inf,inf,inf,inf,inf,inf,inf,inf,inf,inf,inf,inf,inf,inf,inf,inf,inf,inf,inf,inf,inf
52,53,54,inf,48,49,50,51,inf,inf,inf,inf,inf,inf,inf,inf,36,37,38,39,32,33,34,35,44,45,46,47,40,41,42,43,20,21,22,23,16,17,18,19,28,29,30,31,24,25,26,27,4,5,6,7,0,1,2,3,12,13,14,15,8,9,10,11,inf,inf,inf,inf,inf,inf,inf,inf,inf,inf,inf,inf,inf,inf,inf,inf,inf,inf,inf,inf,inf,inf,inf,inf,inf,inf,inf,inf,inf,inf,inf,inf,inf,inf,inf,inf
53,52,inf,54,49,48,51,50,inf,inf,inf,inf,inf,inf,inf,inf,37,36,39,38,33,32,35,34,45,44,47,46,41,40,43,42,21,20,23,22,17,16,19,18,29,28,31,30,25,24,27,26,5,4,7,6,1,0,3,2,13,12,15,14,9,8,11,10,inf,inf,inf,inf,inf,inf,inf,inf,inf,inf,inf,inf,inf,inf,inf,inf,inf,inf,inf,inf,inf,inf,inf,inf,inf,inf,inf,inf,inf,inf,inf,inf,inf,inf,inf,inf
54,inf,52,53,50,51,48,49,inf,inf,inf,inf,inf,inf,inf,inf,38,39,36,37,34,35,32,33,46,47,44,45,42,43,40,41,22,23,20,21,18,19,16,17,30,31,28,29,26,27,24,25,6,7,4,5,2,3,0,1,14,15,12,13,10,11,8,9,inf,inf,inf,inf,inf,inf,inf,inf,inf,inf,inf,inf,inf,inf,inf,inf,inf,inf,inf,inf,inf,inf,inf,inf,inf,inf,inf,inf,inf,inf,inf,inf,inf,inf,inf,inf
inf,54,53,52,51,50,49,48,inf,inf,inf,inf,inf,inf,inf,inf,39,38,37,36,35,34,33,32,47,46,45,44,43,42,41,40,23,22,21,20,19,18,17,16,31,30,29,28,27,26,25,24,7,6,5,4,3,2,1,0,15,14,13,12,11,10,9,8,inf,inf,inf,inf,inf,inf,inf,inf,inf,inf,inf,inf,inf,inf,inf,inf,inf,inf,inf,inf,inf,inf,inf,inf,inf,inf,inf,inf,inf,inf,inf,inf,inf,inf,inf,inf
inf,inf,inf,inf,inf,inf,inf,inf,48,49,50,51,52,53,54,inf,40,41,42,43,44,45,46,47,32,33,34,35,36,37,38,39,24,25,26,27,28,29,30,31,16,17,18,19,20,21,22,23,8,9,10,11,12,13,14,15,0,1,2,3,4,5,6,7,inf,inf,inf,inf,inf,inf,inf,inf,inf,inf,inf,inf,inf,inf,inf,inf,inf,inf,inf,inf,inf,inf,inf,inf,inf,inf,inf,inf,inf,inf,inf,inf,inf,inf,inf,inf
inf,inf,inf,inf,inf,inf,inf,inf,49,48,51,50,53,52,inf,54,41,40,43,42,45,44,47,46,33,32,35,34,37,36,39,38,25,24,27,26,29,28,31,30,17,16,19,18,21,20,23,22,9,8,11,10,13,12,15,14,1,0,3,2,5,4,7,6,inf,inf,inf,inf,inf,inf,inf,inf,inf,inf,inf,inf,inf,inf,inf,inf,inf,inf,inf,inf,inf,inf,inf,inf,inf,inf,inf,inf,inf,inf,inf,inf,inf,inf,inf,inf
inf,inf,inf,inf,inf,inf,inf,inf,50,51,48,49,54,inf,52,53,42,43,40,41,46,47,44,45,34,35,32,33,38,39,36,37,26,27,24,25,30,31,28,29,18,19,16,17,22,23,20,21,10,11,8,9,14,15,12,13,2,3,0,1,6,7,4,5,inf,inf,inf,inf,inf,inf,inf,inf,inf,inf,inf,inf,inf,inf,inf,inf,inf,inf,inf,inf,inf,inf,inf,inf,inf,inf,inf,inf,inf,inf,inf,inf,inf,inf,inf,inf
inf,inf,inf,inf,inf,inf,inf,inf,51,50,49,48,inf,54,53,52,43,42,41,40,47,46,45,44,35,34,33,32,39,38,37,36,27,26,25,24,31,30,29,28,19,18,17,16,23,22,21,20,11,10,9,8,15,14,13,12,3,2,1,0,7,6,5,4,inf,inf,inf,inf,inf,inf,inf,inf,inf,inf,inf,inf,inf,inf,inf,inf,inf,inf,inf,inf,inf,inf,inf,inf,inf,inf,inf,inf,inf,inf,inf,inf,inf,inf,inf,inf
inf,inf,inf,inf,inf,inf,inf,inf,52,53,54,inf,48,49,50,51,44,45,46,47,40,41,42,43,36,37,38,39,32,33,34,35,28,29,30,31,24,25,26,27,20,21,22,23,16,17,18,19,12,13,14,15,8,9,10,11,4,5,6,7,0,1,2,3,inf,inf,inf,inf,inf,inf,inf,inf,inf,inf,inf,inf,inf,inf,inf,inf,inf,inf,inf,inf,inf,inf,inf,inf,inf,inf,inf,inf,inf,inf,inf,inf,inf,inf,inf,inf
inf,inf,inf,inf,inf,inf,inf,inf,53,52,inf,54,49,48,51,50,45,44,47,46,41,40,43,42,37,36,39,38,33,32,35,34,29,28,31,30,25,24,27,26,21,20,23,22,17,16,19,18,13,12,15,14,9,8,11,10,5,4,7,6,1,0,3,2,inf,inf,inf,inf,inf,inf,inf,inf,inf,inf,inf,inf,inf,inf,inf,inf,inf,inf,inf,inf,inf,inf,inf,inf,inf,inf,inf,inf,inf,inf,inf,inf,inf,inf,inf,inf
inf,inf,inf,inf,inf,inf,inf,inf,54,inf,52,53,50,51,48,49,46,47,44,45,42,43,40,41,38,39,36,37,34,35,32,33,30,31,28,29,26,27,24,25,22,23,20,21,18,19,16,17,14,15,12,13,10,11,8,9,6,7,4,5,2,3,0,1,inf,inf,inf,inf,inf,inf,inf,inf,inf,inf,inf,inf,inf,inf,inf,inf,inf,inf,inf,inf,inf,inf,inf,inf,inf,inf,inf,inf,inf,inf,inf,inf,inf,inf,inf,inf
inf,inf,inf,inf,inf,inf,inf,inf,inf,54,53,52,51,50,49,48,47,46,45,44,43,42,41,40,39,38,37,36,35,34,33,32,31,30,29,28,27,26,25,24,23,22,21,20,19,18,17,16,15,14,13,12,11,10,9,8,7,6,5,4,3,2,1,0,inf,inf,inf,inf,inf,inf,inf,inf,inf,inf,inf,inf,inf,inf,inf,inf,inf,inf,inf,inf,inf,inf,inf,inf,inf,inf,inf,inf,inf,inf,inf,inf,inf,inf,inf,inf
inf,inf,inf,inf,inf,inf,inf,inf,inf,inf,inf,inf,inf,inf,inf,inf,inf,inf,inf,inf,inf,inf,inf,inf,inf,inf,inf,inf,inf,inf,inf,inf,inf,inf,inf,inf,inf,inf,inf,inf,inf,inf,inf,inf,inf,inf,inf,inf,inf,inf,inf,inf,inf,inf,inf,inf,inf,inf,inf,inf,inf,inf,inf,inf,0,1,2,3,4,5,6,7,8,9,10,11,12,13,14,15,16,17,18,19,20,21,22,23,24,25,26,27,28,29,30,31,32,33,34,35
inf,inf,inf,inf,inf,inf,inf,inf,inf,inf,inf,inf,inf,inf,inf,inf,inf,inf,inf,inf,inf,inf,inf,inf,inf,inf,inf,inf,inf,inf,inf,inf,inf,inf,inf,inf,inf,inf,inf,inf,inf,inf,inf,inf,inf,inf,inf,inf,inf,inf,inf,inf,inf,inf,inf,inf,inf,inf,inf,inf,inf,inf,inf,inf,1,0,3,2,5,4,7,6,9,8,11,10,13,12,15,14,17,16,19,18,21,20,23,22,25,24,27,26,29,28,31,30,33,32,35,34
inf,inf,inf,inf,inf,inf,inf,inf,inf,inf,inf,inf,inf,inf,inf,inf,inf,inf,inf,inf,inf,inf,inf,inf,inf,inf,inf,inf,inf,inf,inf,inf,inf,inf,inf,inf,inf,inf,inf,inf,inf,inf,inf,inf,inf,inf,inf,inf,inf,inf,inf,inf,inf,inf,inf,inf,inf,inf,inf,inf,inf,inf,inf,inf,2,3,0,1,6,7,4,5,10,11,8,9,14,15,12,13,18,19,16,17,22,23,20,21,26,27,24,25,30,31,28,29,34,35,32,33
inf,inf,inf,inf,inf,inf,inf,inf,inf,inf,inf,inf,inf,inf,inf,inf,inf,inf,inf,inf,inf,inf,inf,inf,inf,inf,inf,inf,inf,inf,inf,inf,inf,inf,inf,inf,inf,inf,inf,inf,inf,inf,inf,inf,inf,inf,inf,inf,inf,inf,inf,inf,inf,inf,inf,inf,inf,inf,inf,inf,inf,inf,inf,inf,3,2,1,0,7,6,5,4,11,10,9,8,15,14,13,12,19,18,17,16,23,22,21,20,27,26,25,24,31,30,29,28,35,34,33,32
inf,inf,inf,inf,inf,inf,inf,inf,inf,inf,inf,inf,inf,inf,inf,inf,inf,inf,inf,inf,inf,inf,inf,inf,inf,inf,inf,inf,inf,inf,inf,inf,inf,inf,inf,inf,inf,inf,inf,inf,inf,inf,inf,inf,inf,inf,inf,inf,inf,inf,inf,inf,inf,inf,inf,inf,inf,inf,inf,inf,inf,inf,inf,inf,4,5,6,7,0,1,2,3,12,13,14,15,8,9,10,11,20,21,22,23,16,17,18,19,28,29,30,31,24,25,26,27,36,37,38,39
inf,inf,inf,inf,inf,inf,inf,inf,inf,inf,inf,inf,inf,inf,inf,inf,inf,inf,inf,inf,inf,inf,inf,inf,inf,inf,inf,inf,inf,inf,inf,inf,inf,inf,inf,inf,inf,inf,inf,inf,inf,inf,inf,inf,inf,inf,inf,inf,inf,inf,inf,inf,inf,inf,inf,inf,inf,inf,inf,inf,inf,inf,inf,inf,5,4,7,6,1,0,3,2,13,12,15,14,9,8,11,10,21,20,23,22,17,16,19,18,29,28,31,30,25,24,27,26,37,36,39,38
inf,inf,inf,inf,inf,inf,inf,inf,inf,inf,inf,inf,inf,inf,inf,inf,inf,inf,inf,inf,inf,inf,inf,inf,inf,inf,inf,inf,inf,inf,inf,inf,inf,inf,inf,inf,inf,inf,inf,inf,inf,inf,inf,inf,inf,inf,inf,inf,inf,inf,inf,inf,inf,inf,inf,inf,inf,inf,inf,inf,inf,inf,inf,inf,6,7,4,5,2,3,0,1,14,15,12,13,10,11,8,9,22,23,20,21,18,19,16,17,30,31,28,29,26,27,24,25,38,39,36,37
inf,inf,inf,inf,inf,inf,inf,inf,inf,inf,inf,inf,inf,inf,inf,inf,inf,inf,inf,inf,inf,inf,inf,inf,inf,inf,inf,inf,inf,inf,inf,inf,inf,inf,inf,inf,inf,inf,inf,inf,inf,inf,inf,inf,inf,inf,inf,inf,inf,inf,inf,inf,inf,inf,inf,inf,inf,inf,inf,inf,inf,inf,inf,inf,7,6,5,4,3,2,1,0,15,14,13,12,11,10,9,8,23,22,21,20,19,18,17,16,31,30,29,28,27,26,25,24,39,38,37,36
inf,inf,inf,inf,inf,inf,inf,inf,inf,inf,inf,inf,inf,inf,inf,inf,inf,inf,inf,inf,inf,inf,inf,inf,inf,inf,inf,inf,inf,inf,inf,inf,inf,inf,inf,inf,inf,inf,inf,inf,inf,inf,inf,inf,inf,inf,inf,inf,inf,inf,inf,inf,inf,inf,inf,inf,inf,inf,inf,inf,inf,inf,inf,inf,8,9,10,11,12,13,14,15,0,1,2,3,4,5,6,7,24,25,26,27,28,29,30,31,16,17,18,19,20,21,22,23,40,41,42,43
inf,inf,inf,inf,inf,inf,inf,inf,inf,inf,inf,inf,inf,inf,inf,inf,inf,inf,inf,inf,inf,inf,inf,inf,inf,inf,inf,inf,inf,inf,inf,inf,inf,inf,inf,inf,inf,inf,inf,inf,inf,inf,inf,inf,inf,inf,inf,inf,inf,inf,inf,inf,inf,inf,inf,inf,inf,inf,inf,inf,inf,inf,inf,inf,9,8,11,10,13,12,15,14,1,0,3,2,5,4,7,6,25,24,27,26,29,28,31,30,17,16,19,18,21,20,23,22,41,40,43,42
inf,inf,inf,inf,inf,inf,inf,inf,inf,inf,inf,inf,inf,inf,inf,inf,inf,inf,inf,inf,inf,inf,inf,inf,inf,inf,inf,inf,inf,inf,inf,inf,inf,inf,inf,inf,inf,inf,inf,inf,inf,inf,inf,inf,inf,inf,inf,inf,inf,inf,inf,inf,inf,inf,inf,inf,inf,inf,inf,inf,inf,inf,inf,inf,10,11,8,9,14,15,12,13,2,3,0,1,6,7,4,5,26,27,24,25,30,31,28,29,18,19,16,17,22,23,20,21,42,43,40,41
inf,inf,inf,inf,inf,inf,inf,inf,inf,inf,inf,inf,inf,inf,inf,inf,inf,inf,inf,inf,inf,inf,inf,inf,inf,inf,inf,inf,inf,inf,inf,inf,inf,inf,inf,inf,inf,inf,inf,inf,inf,inf,inf,inf,inf,inf,inf,inf,inf,inf,inf,inf,inf,inf,inf,inf,inf,inf,inf,inf,inf,inf,inf,inf,11,10,9,8,15,14,13,12,3,2,1,0,7,6,5,4,27,26,25,24,31,30,29,28,19,18,17,16,23,22,21,20,43,42,41,40
inf,inf,inf,inf,inf,inf,inf,inf,inf,inf,inf,inf,inf,inf,inf,inf,inf,inf,inf,inf,inf,inf,inf,inf,inf,inf,inf,inf,inf,inf,inf,inf,inf,inf,inf,inf,inf,inf,inf,inf,inf,inf,inf,inf,inf,inf,inf,inf,inf,inf,inf,inf,inf,inf,inf,inf,inf,inf,inf,inf,inf,inf,inf,inf,12,13,14,15,8,9,10,11,4,5,6,7,0,1,2,3,28,29,30,31,24,25,26,27,20,21,22,23,16,17,18,19,44,45,46,47
inf,inf,inf,inf,inf,inf,inf,inf,inf,inf,inf,inf,inf,inf,inf,inf,inf,inf,inf,inf,inf,inf,inf,inf,inf,inf,inf,inf,inf,inf,inf,inf,inf,inf,inf,inf,inf,inf,inf,inf,inf,inf,inf,inf,inf,inf,inf,inf,inf,inf,inf,inf,inf,inf,inf,inf,inf,inf,inf,inf,inf,inf,inf,inf,13,12,15,14,9,8,11,10,5,4,7,6,1,0,3,2,29,28,31,30,25,24,27,26,21,20,23,22,17,16,19,18,45,44,47,46
inf,inf,inf,inf,inf,inf,inf,inf,inf,inf,inf,inf,inf,inf,inf,inf,inf,inf,inf,inf,inf,inf,inf,inf,inf,inf,inf,inf,inf,inf,inf,inf,inf,inf,inf,inf,inf,inf,inf,inf,inf,inf,inf,inf,inf,inf,inf,inf,inf,inf,inf,inf,inf,inf,inf,inf,inf,inf,inf,inf,inf,inf,inf,inf,14,15,12,13,10,11,8,9,6,7,4,5,2,3,0,1,30,31,28,29,26,27,24,25,22,23,20,21,18,19,16,17,46,47,44,45
inf,inf,inf,inf,inf,inf,inf,inf,inf,inf,inf,inf,inf,inf,inf,inf,inf,inf,inf,inf,inf,inf,inf,inf,inf,inf,inf,inf,inf,inf,inf,inf,inf,inf,inf,inf,inf,inf,inf,inf,inf,inf,inf,inf,inf,inf,inf,inf,inf,inf,inf,inf,inf,inf,inf,inf,inf,inf,inf,inf,inf,inf,inf,inf,15,14,13,12,11,10,9,8,7,6,5,4,3,2,1,0,31,30,29,28,27,26,25,24,23,22,21,20,19,18,17,16,47,46,45,44
inf,inf,inf,inf,inf,inf,inf,inf,inf,inf,inf,inf,inf,inf,inf,inf,inf,inf,inf,inf,inf,inf,inf,inf,inf,inf,inf,inf,inf,inf,inf,inf,inf,inf,inf,inf,inf,inf,inf,inf,inf,inf,inf,inf,inf,inf,inf,inf,inf,inf,inf,inf,inf,inf,inf,inf,inf,inf,inf,inf,inf,inf,inf,inf,16,17,18,19,20,21,22,23,24,25,26,27,28,29,30,31,0,1,2,3,4,5,6,7,8,9,10,11,12,13,14,15,48,49,50,51
inf,inf,inf,inf,inf,inf,inf,inf,inf,inf,inf,inf,inf,inf,inf,inf,inf,inf,inf,inf,inf,inf,inf,inf,inf,inf,inf,inf,inf,inf,inf,inf,inf,inf,inf,inf,inf,inf,inf,inf,inf,inf,inf,inf,inf,inf,inf,inf,inf,inf,inf,inf,inf,inf,inf,inf,inf,inf,inf,inf,inf,inf,inf,inf,17,16,19,18,21,20,23,22,25,24,27,26,29,28,31,30,1,0,3,2,5,4,7,6,9,8,11,10,13,12,15,14,49,48,51,50
inf,inf,inf,inf,inf,inf,inf,inf,inf,inf,inf,inf,inf,inf,inf,inf,inf,inf,inf,inf,inf,inf,inf,inf,inf,inf,inf,inf,inf,inf,inf,inf,inf,inf,inf,inf,inf,inf,inf,inf,inf,inf,inf,inf,inf,inf,inf,inf,inf,inf,inf,inf,inf,inf,inf,inf,inf,inf,inf,inf,inf,inf,inf,inf,18,19,16,17,22,23,20,21,26,27,24,25,30,31,28,29,2,3,0,1,6,7,4,5,10,11,8,9,14,15,12,13,50,51,48,49
inf,inf,inf,inf,inf,inf,inf,inf,inf,inf,inf,inf,inf,inf,inf,inf,inf,inf,inf,inf,inf,inf,inf,inf,inf,inf,inf,inf,inf,inf,inf,inf,inf,inf,inf,inf,inf,inf,inf,inf,inf,inf,inf,inf,inf,inf,inf,inf,inf,inf,inf,inf,inf,inf,inf,inf,inf,inf,inf,inf,inf,inf,inf,inf,19,18,17,16,23,22,21,20,27,26,25,24,31,30,29,28,3,2,1,0,7,6,5,4,11,10,9,8,15,14,13,12,51,50,49,48
inf,inf,inf,inf,inf,inf,inf,inf,inf,inf,inf,inf,inf,inf,inf,inf,inf,inf,inf,inf,inf,inf,inf,inf,inf,inf,inf,inf,inf,inf,inf,inf,inf,inf,inf,inf,inf,inf,inf,inf,inf,inf,inf,inf,inf,inf,inf,inf,inf,inf,inf,inf,inf,inf,inf,inf,inf,inf,inf,inf,inf,inf,inf,inf,20,21,22,23,16,17,18,19,28,29,30,31,24,25,26,27,4,5,6,7,0,1,2,3,12,13,14,15,8,9,10,11,52,53,54,inf
inf,inf,inf,inf,inf,inf,inf,inf,inf,inf,inf,inf,inf,inf,inf,inf,inf,inf,inf,inf,inf,inf,inf,inf,inf,inf,inf,inf,inf,inf,inf,inf,inf,inf,inf,inf,inf,inf,inf,inf,inf,inf,inf,inf,inf,inf,inf,inf,inf,inf,inf,inf,inf,inf,inf,inf,inf,inf,inf,inf,inf,inf,inf,inf,21,20,23,22,17,16,19,18,29,28,31,30,25,24,27,26,5,4,7,6,1,0,3,2,13,12,15,14,9,8,11,10,53,52,inf,54
inf,inf,inf,inf,inf,inf,inf,inf,inf,inf,inf,inf,inf,inf,inf,inf,inf,inf,inf,inf,inf,inf,inf,inf,inf,inf,inf,inf,inf,inf,inf,inf,inf,inf,inf,inf,inf,inf,inf,inf,inf,inf,inf,inf,inf,inf,inf,inf,inf,inf,inf,inf,inf,inf,inf,inf,inf,inf,inf,inf,inf,inf,inf,inf,22,23,20,21,18,19,16,17,30,31,28,29,26,27,24,25,6,7,4,5,2,3,0,1,14,15,12,13,10,11,8,9,54,inf,52,53
inf,inf,inf,inf,inf,inf,inf,inf,inf,inf,inf,inf,inf,inf,inf,inf,inf,inf,inf,inf,inf,inf,inf,inf,inf,inf,inf,inf,inf,inf,inf,inf,inf,inf,inf,inf,inf,inf,inf,inf,inf,inf,inf,inf,inf,inf,inf,inf,inf,inf,inf,inf,inf,inf,inf,inf,inf,inf,inf,inf,inf,inf,inf,inf,23,22,21,20,19,18,17,16,31,30,29,28,27,26,25,24,7,6,5,4,3,2,1,0,15,14,13,12,11,10,9,8,inf,54,53,52
inf,inf,inf,inf,inf,inf,inf,inf,inf,inf,inf,inf,inf,inf,inf,inf,inf,inf,inf,inf,inf,inf,inf,inf,inf,inf,inf,inf,inf,inf,inf,inf,inf,inf,inf,inf,inf,inf,inf,inf,inf,inf,inf,inf,inf,inf,inf,inf,inf,inf,inf,inf,inf,inf,inf,inf,inf,inf,inf,inf,inf,inf,inf,inf,24,25,26,27,28,29,30,31,16,17,18,19,20,21,22,23,8,9,10,11,12,13,14,15,0,1,2,3,4,5,6,7,inf,inf,inf,inf
inf,inf,inf,inf,inf,inf,inf,inf,inf,inf,inf,inf,inf,inf,inf,inf,inf,inf,inf,inf,inf,inf,inf,inf,inf,inf,inf,inf,inf,inf,inf,inf,inf,inf,inf,inf,inf,inf,inf,inf,inf,inf,inf,inf,inf,inf,inf,inf,inf,inf,inf,inf,inf,inf,inf,inf,inf,inf,inf,inf,inf,inf,inf,inf,25,24,27,26,29,28,31,30,17,16,19,18,21,20,23,22,9,8,11,10,13,12,15,14,1,0,3,2,5,4,7,6,inf,inf,inf,inf
inf,inf,inf,inf,inf,inf,inf,inf,inf,inf,inf,inf,inf,inf,inf,inf,inf,inf,inf,inf,inf,inf,inf,inf,inf,inf,inf,inf,inf,inf,inf,inf,inf,inf,inf,inf,inf,inf,inf,inf,inf,inf,inf,inf,inf,inf,inf,inf,inf,inf,inf,inf,inf,inf,inf,inf,inf,inf,inf,inf,inf,inf,inf,inf,26,27,24,25,30,31,28,29,18,19,16,17,22,23,20,21,10,11,8,9,14,15,12,13,2,3,0,1,6,7,4,5,inf,inf,inf,inf
inf,inf,inf,inf,inf,inf,inf,inf,inf,inf,inf,inf,inf,inf,inf,inf,inf,inf,inf,inf,inf,inf,inf,inf,inf,inf,inf,inf,inf,inf,inf,inf,inf,inf,inf,inf,inf,inf,inf,inf,inf,inf,inf,inf,inf,inf,inf,inf,inf,inf,inf,inf,inf,inf,inf,inf,inf,inf,inf,inf,inf,inf,inf,inf,27,26,25,24,31,30,29,28,19,18,17,16,23,22,21,20,11,10,9,8,15,14,13,12,3,2,1,0,7,6,5,4,inf,inf,inf,inf
inf,inf,inf,inf,inf,inf,inf,inf,inf,inf,inf,inf,inf,inf,inf,inf,inf,inf,inf,inf,inf,inf,inf,inf,inf,inf,inf,inf,inf,inf,inf,inf,inf,inf,inf,inf,inf,inf,inf,inf,inf,inf,inf,inf,inf,inf,inf,inf,inf,inf,inf,inf,inf,inf,inf,inf,inf,inf,inf,inf,inf,inf,inf,inf,28,29,30,31,24,25,26,27,20,21,22,23,16,17,18,19,12,13,14,15,8,9,10,11,4,5,6,7,0,1,2,3,inf,inf,inf,inf
inf,inf,inf,inf,inf,inf,inf,inf,inf,inf,inf,inf,inf,inf,inf,inf,inf,inf,inf,inf,inf,inf,inf,inf,inf,inf,inf,inf,inf,inf,inf,inf,inf,inf,inf,inf,inf,inf,inf,inf,inf,inf,inf,inf,inf,inf,inf,inf,inf,inf,inf,inf,inf,inf,inf,inf,inf,inf,inf,inf,inf,inf,inf,inf,29,28,31,30,25,24,27,26,21,20,23,22,17,16,19,18,13,12,15,14,9,8,11,10,5,4,7,6,1,0,3,2,inf,inf,inf,inf
inf,inf,inf,inf,inf,inf,inf,inf,inf,inf,inf,inf,inf,inf,inf,inf,inf,inf,inf,inf,inf,inf,inf,inf,inf,inf,inf,inf,inf,inf,inf,inf,inf,inf,inf,inf,inf,inf,inf,inf,inf,inf,inf,inf,inf,inf,inf,inf,inf,inf,inf,inf,inf,inf,inf,inf,inf,inf,inf,inf,inf,inf,inf,inf,30,31,28,29,26,27,24,25,22,23,20,21,18,19,16,17,14,15,12,13,10,11,8,9,6,7,4,5,2,3,0,1,inf,inf,inf,inf
inf,inf,inf,inf,inf,inf,inf,inf,inf,inf,inf,inf,inf,inf,inf,inf,inf,inf,inf,inf,inf,inf,inf,inf,inf,inf,inf,inf,inf,inf,inf,inf,inf,inf,inf,inf,inf,inf,inf,inf,inf,inf,inf,inf,inf,inf,inf,inf,inf,inf,inf,inf,inf,inf,inf,inf,inf,inf,inf,inf,inf,inf,inf,inf,31,30,29,28,27,26,25,24,23,22,21,20,19,18,17,16,15,14,13,12,11,10,9,8,7,6,5,4,3,2,1,0,inf,inf,inf,inf
inf,inf,inf,inf,inf,inf,inf,inf,inf,inf,inf,inf,inf,inf,inf,inf,inf,inf,inf,inf,inf,inf,inf,inf,inf,inf,inf,inf,inf,inf,inf,inf,inf,inf,inf,inf,inf,inf,inf,inf,inf,inf,inf,inf,inf,inf,inf,inf,inf,inf,inf,inf,inf,inf,inf,inf,inf,inf,inf,inf,inf,inf,inf,inf,32,33,34,35,36,37,38,39,40,41,42,43,44,45,46,47,48,49,50,51,52,53,54,inf,inf,inf,inf,inf,inf,inf,inf,inf,0,1,2,3
inf,inf,inf,inf,inf,inf,inf,inf,inf,inf,inf,inf,inf,inf,inf,inf,inf,inf,inf,inf,inf,inf,inf,inf,inf,inf,inf,inf,inf,inf,inf,inf,inf,inf,inf,inf,inf,inf,inf,inf,inf,inf,inf,inf,inf,inf,inf,inf,inf,inf,inf,inf,inf,inf,inf,inf,inf,inf,inf,inf,inf,inf,inf,inf,33,32,35,34,37,36,39,38,41,40,43,42,45,44,47,46,49,48,51,50,53,52,inf,54,inf,inf,inf,inf,inf,inf,inf,inf,1,0,3,2
inf,inf,inf,inf,inf,inf,inf,inf,inf,inf,inf,inf,inf,inf,inf,inf,inf,inf,inf,inf,inf,inf,inf,inf,inf,inf,inf,inf,inf,inf,inf,inf,inf,inf,inf,inf,inf,inf,inf,inf,inf,inf,inf,inf,inf,inf,inf,inf,inf,inf,inf,inf,inf,inf,inf,inf,inf,inf,inf,inf,inf,inf,inf,inf,34,35,32,33,38,39,36,37,42,43,40,41,46,47,44,45,50,51,48,49,54,inf,52,53,inf,inf,inf,inf,inf,inf,inf,inf,2,3,0,1
inf,inf,inf,inf,inf,inf,inf,inf,inf,inf,inf,inf,inf,inf,inf,inf,inf,inf,inf,inf,inf,inf,inf,inf,inf,inf,inf,inf,inf,inf,inf,inf,inf,inf,inf,inf,inf,inf,inf,inf,inf,inf,inf,inf,inf,inf,inf,inf,inf,inf,inf,inf,inf,inf,inf,inf,inf,inf,inf,inf,inf,inf,inf,inf,35,34,33,32,39,38,37,36,43,42,41,40,47,46,45,44,51,50,49,48,inf,54,53,52,inf,inf,inf,inf,inf,inf,inf,inf,3,2,1,0
